{
    "False TT": {
        "fpr 10%": 0.09999694367187262,
        "tpr 10%": 0.6123636845537642,
        "trs 10%": 0.4656220078468323,
        "fpr 5%": 0.04999541550780892,
        "tpr 5%": 0.47242652828491016,
        "trs 5%": 0.6051539182662964,
        "fpr 1%": 0.009994192976557964,
        "tpr 1%": 0.22806833994203868,
        "trs 1%": 0.8345340490341187,
        "fpr 0.1%": 0.0009963629695284085,
        "tpr 0.1%": 0.059300488590828725,
        "trs 0.1%": 0.9446710348129272
    },
    "True TT": {
        "fpr 10%": 0.09999872206105992,
        "tpr 10%": 0.7799379614662064,
        "trs 10%": 0.6317229270935059,
        "fpr 5%": 0.04999936103052996,
        "tpr 5%": 0.6237639623108626,
        "trs 5%": 0.7862586975097656,
        "fpr 1%": 0.009999872206105992,
        "tpr 1%": 0.29863689982087466,
        "trs 1%": 0.9220038056373596,
        "fpr 0.1%": 0.0009967923732604057,
        "tpr 0.1%": 0.08220833879447187,
        "trs 0.1%": 0.9746852517127991
    },
    "QCD": {
        "fpr 10%": 0.09997241067070367,
        "tpr 10%": 0.7129203000647347,
        "trs 10%": 0.5733822584152222,
        "fpr 5%": 0.04999327952235089,
        "tpr 5%": 0.5575949126080499,
        "trs 5%": 0.6872836947441101,
        "fpr 1%": 0.009998184292003574,
        "tpr 1%": 0.34141883401241385,
        "trs 1%": 0.826515793800354,
        "fpr 0.1%": 0.000995102304534318,
        "tpr 0.1%": 0.2160237614713834,
        "trs 0.1%": 0.9681933522224426
    },
    "True TT vs False TT": {
        "fpr10%": 0.09999546632350223,
        "tpr10%": 0.7678287969475877,
        "trs10%": 0.6916239261627197,
        "fpr5%": 0.049995989440021205,
        "tpr5%": 0.6071038490104417,
        "trs5%": 0.8146393299102783,
        "fpr1%": 0.009998500399312276,
        "tpr1%": 0.2853699739321654,
        "trs1%": 0.9288807511329651,
        "fpr0.1%": 0.0009974088295093516,
        "tpr0.1%": 0.07711855767690448,
        "trs0.1%": 0.9771943688392639
    },
    "True TT vs QCD": {
        "fpr10%": 0.09995811279083051,
        "tpr10%": 0.9812136834287212,
        "trs10%": 0.27912959456443787,
        "fpr5%": 0.04999809603594684,
        "tpr5%": 0.9505220848442484,
        "trs5%": 0.5533928871154785,
        "fpr1%": 0.009976771638551464,
        "tpr1%": 0.8074766627346469,
        "trs1%": 0.923478364944458,
        "fpr0.1%": 0.0009900613076425117,
        "tpr0.1%": 0.4649686166572007,
        "trs0.1%": 0.9952372908592224
    }
}