{
    "False top": {
        "fpr 10%": 0.09999804112654813,
        "tpr 10%": 0.6862595295497491,
        "trs 10%": 0.5414217710494995,
        "fpr 5%": 0.04999779626736664,
        "tpr 5%": 0.5290154427575422,
        "trs 5%": 0.6906527876853943,
        "fpr 1%": 0.009997600380021449,
        "tpr 1%": 0.2657310875089594,
        "trs 1%": 0.890778660774231,
        "fpr 0.1%": 0.0009990254604576908,
        "tpr 0.1%": 0.07205479898351469,
        "trs 0.1%": 0.975006639957428
    },
    "True top": {
        "fpr 10%": 0.09999616547613831,
        "tpr 10%": 0.8435340842948609,
        "trs 10%": 0.5807088613510132,
        "fpr 5%": 0.0499994522108769,
        "tpr 5%": 0.7222070051699935,
        "trs 5%": 0.7808617353439331,
        "fpr 1%": 0.00999989044217538,
        "tpr 1%": 0.414945047420139,
        "trs 1%": 0.9405409097671509,
        "fpr 0.1%": 0.0009997151496559885,
        "tpr 0.1%": 0.1416509740815558,
        "trs 0.1%": 0.985124409198761
    },
    "QCD": {
        "fpr 10%": 0.09999889618632375,
        "tpr 10%": 0.831682827866034,
        "trs 10%": 0.4023902714252472,
        "fpr 5%": 0.049999448093161876,
        "tpr 5%": 0.7408190633381473,
        "trs 5%": 0.5524525046348572,
        "fpr 1%": 0.009999448093161875,
        "tpr 1%": 0.573842926896362,
        "trs 1%": 0.8167577981948853,
        "fpr 0.1%": 0.0009989513770075611,
        "tpr 0.1%": 0.37247266350319785,
        "trs 0.1%": 0.9789220094680786
    },
    "True top vs False top": {
        "fpr10%": 0.0999983710171369,
        "tpr10%": 0.820837470469408,
        "trs10%": 0.658380925655365,
        "fpr5%": 0.0499983710171369,
        "tpr5%": 0.6941383914814941,
        "trs5%": 0.8216070532798767,
        "fpr1%": 0.00999869681370952,
        "tpr1%": 0.3882973259834971,
        "trs1%": 0.9486425518989563,
        "fpr0.1%": 0.0009985664950804718,
        "tpr0.1%": 0.12964700243092409,
        "trs0.1%": 0.9871850609779358
    },
    "True top vs QCD": {
        "fpr10%": 0.09998452651124407,
        "tpr10%": 0.9924367446160167,
        "trs10%": 0.16063319146633148,
        "fpr5%": 0.04999656144694312,
        "tpr5%": 0.9770945321327079,
        "trs5%": 0.48159536719322205,
        "fpr1%": 0.009997593012860188,
        "tpr1%": 0.8799705550039374,
        "trs1%": 0.9372301697731018,
        "fpr0.1%": 0.0009971803864933636,
        "tpr0.1%": 0.6090731673913787,
        "trs0.1%": 0.9969995617866516
    }
}