{
    "False TT": {
        "fpr 10%": 0.09999083101561784,
        "tpr 10%": 0.4823727170323251,
        "trs 10%": 0.491254985332489,
        "fpr 5%": 0.04999541550780892,
        "tpr 5%": 0.3416962227499887,
        "trs 5%": 0.6081618666648865,
        "fpr 1%": 0.009994192976557964,
        "tpr 1%": 0.15843106893629488,
        "trs 1%": 0.8225336670875549,
        "fpr 0.1%": 0.0009963629695284085,
        "tpr 0.1%": 0.033646854500371415,
        "trs 0.1%": 0.9250412583351135
    },
    "True TT": {
        "fpr 10%": 0.09998913751900934,
        "tpr 10%": 0.6036596909723739,
        "trs 10%": 0.6493841409683228,
        "fpr 5%": 0.049996166183179765,
        "tpr 5%": 0.42170183639885245,
        "trs 5%": 0.7539381980895996,
        "fpr 1%": 0.009999872206105992,
        "tpr 1%": 0.1513973233139645,
        "trs 1%": 0.873649537563324,
        "fpr 0.1%": 0.0009999872206105992,
        "tpr 0.1%": 0.028128504230561988,
        "trs 0.1%": 0.9350870847702026
    },
    "QCD": {
        "fpr 10%": 0.09997948485770272,
        "tpr 10%": 0.6058413617150908,
        "trs 10%": 0.5375431180000305,
        "fpr 5%": 0.04996026664968862,
        "tpr 5%": 0.47644796466242717,
        "trs 5%": 0.6246463060379028,
        "fpr 1%": 0.009998184292003574,
        "tpr 1%": 0.30901336582765315,
        "trs 1%": 0.7825759649276733,
        "fpr 0.1%": 0.0009998184292003575,
        "tpr 0.1%": 0.19096759453181525,
        "trs 0.1%": 0.9645488262176514
    },
    "True TT vs False TT": {
        "fpr10%": 0.09999546632350223,
        "tpr10%": 0.5868248212387318,
        "trs10%": 0.704227864742279,
        "fpr5%": 0.049999476883481025,
        "tpr5%": 0.4052091980136019,
        "trs5%": 0.7852592468261719,
        "fpr1%": 0.009998500399312276,
        "tpr1%": 0.14323474157892438,
        "trs1%": 0.8850395679473877,
        "fpr0.1%": 0.0009939213860495288,
        "tpr0.1%": 0.025929485779195245,
        "trs0.1%": 0.940305233001709
    },
    "True TT vs QCD": {
        "fpr10%": 0.09995811279083051,
        "tpr10%": 0.9247382294260708,
        "trs10%": 0.5589858293533325,
        "fpr5%": 0.04999809603594684,
        "tpr5%": 0.8461123975126335,
        "trs5%": 0.7448498010635376,
        "fpr1%": 0.009976771638551464,
        "tpr1%": 0.6086256862830763,
        "trs1%": 0.9420722126960754,
        "fpr0.1%": 0.0009900613076425117,
        "tpr0.1%": 0.3051465769583643,
        "trs0.1%": 0.9912472367286682
    }
}